-- Health & Safety 产品数据补丁
-- 生成时间: 2026-02-27T23:39:40.777Z
-- 用途: 将 Health & Safety 分类的 18 个产品同步到生产数据库
SET NAMES utf8mb4;

-- 确保分类存在
INSERT IGNORE INTO categories (id, name, slug, description, parentId, displayOrder, createdAt, updatedAt) VALUES (8, 'Guardian Jewelry', 'guardian-jewelry', 'Curated imbued guardian jewelry', NULL, 1, NOW(), NOW());
INSERT IGNORE INTO categories (id, name, slug, description, parentId, displayOrder, createdAt, updatedAt) VALUES (90005, '平安健康', 'health-safety', '祛病消灾,保佑平安,增强体质', 8, 5, NOW(), NOW());

-- Health & Safety 产品 (18 个)
INSERT IGNORE INTO products (id, name, slug, description, shortDescription, regularPrice, salePrice, categoryId, status, featured, blessingTemple, blessingMaster, blessingDescription, suitableFor, efficacy, wearingGuide, createdAt, updatedAt) VALUES (510050, 'Heart Wisdom Bracelet', 'heart-sutra-bracelet', 'A cultural bracelet inscribed with the Heart Wisdom, one of Eastern culture\'s most profound teachings, imbued through traditional imbuing ceremony ceremonies at Mount Wutai, a UNESCO World Heritage Site revered throughout the Eastern cultural world. This powerful piece embodies the essence of wisdom and emptiness, infused with cultural energy by master lineage holders.\n\n**Cultural Significance**\n\nThe Heart Wisdom distills the perfection of wisdom into its purest form, teaching the profound truth of emptiness and the liberation it brings. Wearing this bracelet creates a continuous connection to these transformative teachings, serving as both reminder and protection. Through ancient imbuing ceremonys, senior lineage holders at Mount Wutai channel enlightened energy into each inscribed character, empowering the wearer to transcend suffering and realize their true nature.\n\n**Imbuing Ceremony Ceremony**\n\nAt Mount Wutai\'s cultural heritage sites, master lineage holders perform dedicated imbuing ceremonies to infuse this bracelet with the cultural power of the Heart Wisdom. Through continuous chanting of the heritage text, focused meditation on its meaning, and the invocation of Avalokiteshvara Guardian, the bracelet becomes a vessel of liberating wisdom. This imbuing ceremony activates the transformative potential within the cultural text, creating a powerful tool for cultural practice and protection.\n\n**Design & Craftsmanship**\n\nMeticulously crafted to honor the cultural nature of the Heart Wisdom, this bracelet features the complete text rendered in elegant traditional script. The design balances aesthetic beauty with cultural function, creating a piece that serves both as adornment and cultural tool. Quality materials ensure the bracelet endures as a lasting connection to this profound teaching.\n\n**Who Should Wear This**\n\n- Eastern cultural practitioners deepening their wisdom practice\n- Those seeking liberation from suffering and attachment\n- Individuals navigating difficult life transitions\n- Meditation practitioners desiring cultural support\n- Anyone drawn to the profound teachings of emptiness and wisdom\n\nMay this imbued bracelet guide you to the realization of wisdom beyond wisdom, protecting and enlightening your path under the imbuing of compassionate masters.', NULL, '59.00', '49.00', 90005, 'published', 0, '五台山', '五台山文化传承人', NULL, '压力过大者、焦虑烦躁者、失眠多梦者、修行人士', '平复内心、消除烦恼、安神助眠、提升定力、心灵净化', '建议冥想或睡前佩戴。可戴于颈部或手腕,也可握于手中诵读心智慧。每日可用清水净化,保持心境平和。', NOW(), NOW());
INSERT IGNORE INTO products (id, name, slug, description, shortDescription, regularPrice, salePrice, categoryId, status, featured, blessingTemple, blessingMaster, blessingDescription, suitableFor, efficacy, wearingGuide, createdAt, updatedAt) VALUES (510051, 'Great Compassion Heritage Chant Bracelet', 'great-compassion-mantra-bracelet', 'A powerful bracelet inscribed with the Great Compassion Heritage Chant, imbued through cultural imbuing ceremony ceremonies at Mount Wutai, one of China\'s Four Great Eastern cultural Mountains and a UNESCO World Heritage Site. This compassionate piece channels the boundless mercy of Avalokiteshvara Guardian, infused with cultural power by master lineage holders.\n\n**Cultural Significance**\n\nThe Great Compassion Heritage Chant invokes the infinite compassion of Avalokiteshvara, the Guardian of Mercy, offering protection, healing, and the fulfillment of righteous wishes. This heritage chant has been chanted for centuries to alleviate suffering and bring imbuings. Through ancient imbuing ceremonies, senior lineage holders at Mount Wutai channel compassionate energy into this bracelet, creating a constant source of protective and healing power for the wearer.\n\n**Imbuing Ceremony Ceremony**\n\nWithin Mount Wutai\'s compassionate heritage sites, master lineage holders perform heartfelt imbuing ceremonies to infuse this bracelet with the heritage chant\'s full cultural potency. Through devoted chanting, visualization of Avalokiteshvara, and the invocation of compassionate imbuings, the bracelet becomes a conduit for heritage mercy. This imbuing ceremony empowers the heritage chant to actively protect and heal, transforming the bracelet into a powerful cultural ally.\n\n**Design & Craftsmanship**\n\nSkillfully crafted to embody the spirit of compassion, this bracelet features the Great Compassion Heritage Chant inscribed in cultural script. The design reflects both dedicational beauty and cultural purpose, creating a piece that inspires compassion while providing protection. Premium materials ensure the bracelet maintains its energetic integrity and physical elegance.\n\n**Who Should Wear This**\n\n- Those seeking protection from harm and negative energies\n- Healers and caregivers requiring cultural support\n- Individuals cultivating compassion and loving-kindness\n- Anyone facing health challenges or seeking healing\n- Devotees of Avalokiteshvara Guardian\n\nMay this imbued bracelet surround you with boundless compassion and heritage protection, healing your path under the merciful gaze of enlightened beings.', NULL, '59.00', '49.00', 90005, 'published', 0, '五台山', '五台山文化传承人', NULL, '健康运势不佳者、体弱多病者、易有意外者、老人小孩', '祛病消灾、保佑平安、增强体质、化解病痛、延年益寿', '建议贴身佩戴,可戴于颈部或手腕。身体不适时可握于手中默传承吟诵文。每周可用清水净化,自然晾干后继续佩戴。', NOW(), NOW());
INSERT IGNORE INTO products (id, name, slug, description, shortDescription, regularPrice, salePrice, categoryId, status, featured, blessingTemple, blessingMaster, blessingDescription, suitableFor, efficacy, wearingGuide, createdAt, updatedAt) VALUES (510052, 'Heroic Heritage Chant Bracelet', 'shurangama-mantra-bracelet', 'A supremely powerful bracelet inscribed with the Heroic Heritage Chant, known as the king of heritage chants, imbued through intensive imbuing ceremony ceremonies at Mount Wutai, a UNESCO World Heritage Site revered as one of Eastern culture\'s holiest mountains. This formidable piece embodies ultimate cultural protection, imbued by master lineage holders with profound power.\n\n**Cultural Significance**\n\nThe Heroic Heritage Chant is revered as the most powerful protection heritage chant in Eastern culture, capable of dispelling all negative forces and illuminating the path to enlightenment. This extensive heritage chant contains the essence of cultural heritage\'s teaching on overcoming delusion and achieving cultural awakening. Through ancient imbuing ceremonies, senior lineage holders at Mount Wutai channel protective and enlightening energy into this bracelet, creating an impenetrable shield of cultural power.\n\n**Imbuing Ceremony Ceremony**\n\nAt Mount Wutai\'s most powerful heritage sites, master lineage holders perform intensive imbuing ceremonies to infuse this bracelet with the Heroic Heritage Chant\'s full cultural force. Through dedicated chanting, deep meditation, and the invocation of protective deities, the bracelet becomes a fortress of cultural defense. This imbuing ceremony activates the heritage chant\'s legendary protective qualities, empowering the wearer with cultural strength and clarity.\n\n**Design & Craftsmanship**\n\nMasterfully crafted to honor the supreme nature of the Heroic Heritage Chant, this bracelet features key passages inscribed in traditional cultural script. The design embodies both cultural authority and refined beauty, creating a piece that commands respect while providing constant protection. Quality materials ensure the bracelet endures as a powerful cultural tool.\n\n**Who Should Wear This**\n\n- Serious Eastern cultural practitioners seeking ultimate cultural protection\n- Those facing strong negative influences or cultural challenges\n- Individuals committed to cultural awakening and enlightenment\n- Practitioners of advanced meditation and cultural cultivation\n- Anyone requiring the strongest possible cultural defense\n\nMay this imbued bracelet shield you with invincible cultural protection and illuminate your path to awakening under the guardianship of the most powerful cultural forces.', NULL, '59.00', '49.00', 90005, 'published', 0, '五台山', '五台山文化传承人', NULL, '学业受阻者、考试不利者、思维混沌者、学生群体', '开启智慧、增强记忆、提升专注力、考试顺利、破除迷障', '建议学习或考试时佩戴。可戴于左手腕或颈部。每月可用清水净化,配合诵读传承典籍效果更佳。避免放置于杂乱环境。', NOW(), NOW());
INSERT IGNORE INTO products (id, name, slug, description, shortDescription, regularPrice, salePrice, categoryId, status, featured, blessingTemple, blessingMaster, blessingDescription, suitableFor, efficacy, wearingGuide, createdAt, updatedAt) VALUES (510054, 'Eternal Light Bracelet', 'amitabha-bracelet', 'A cultural bracelet featuring Eternal Light cultural heritage, the cultural heritage of Infinite Light and Life, imbued through traditional imbuing ceremony ceremonies at Mount Wutai, a UNESCO World Heritage Site revered throughout the Eastern cultural world. This luminous piece embodies boundless compassion and the promise of liberation, imbued by master lineage holders with profound cultural power.\n\n**Cultural Significance**\n\nEternal Light cultural heritage represents infinite light, boundless life, and the compassionate vow to guide all beings to enlightenment through the Eastern Heritage. Devotion to Eternal Light offers liberation from the cycle of suffering and rebirth into a realm of perfect cultural practice. Through ancient imbuing ceremonys, senior lineage holders at Mount Wutai channel Eternal Light\'s infinite light into this bracelet, creating a constant connection to the cultural heritage\'s compassionate power and protective imbuing.\n\n**Imbuing Ceremony Ceremony**\n\nAt Mount Wutai\'s cultural heritage sites, master lineage holders perform devoted imbuing ceremonies to infuse this bracelet with Eternal Light\'s cultural essence. Through continuous chanting of Eternal Light\'s name, visualization of infinite light, and the invocation of Eastern Heritage imbuings, the bracelet becomes a beacon of enlightened energy. This imbuing ceremony establishes a karmic connection with Eternal Light, supporting the wearer\'s cultural journey and ultimate liberation.\n\n**Design & Craftsmanship**\n\nReverently crafted to honor Eternal Light cultural heritage, this bracelet features the cultural heritage\'s image or cultural name rendered with dedicational precision. The design radiates cultural light and peaceful energy, creating a piece that inspires faith while providing constant imbuing. Quality materials ensure the bracelet endures as a lasting connection to infinite light and compassion.\n\n**Who Should Wear This**\n\n- Eastern Heritage Eastern cultural practitioners deepening their dedication\n- Those seeking peace, longevity, and cultural protection\n- Individuals preparing for a peaceful transition at life\'s end\n- Anyone desiring connection to infinite light and compassion\n- Practitioners cultivating faith and aspiration for enlightenment\n\nMay this imbued bracelet illuminate your path with infinite light and guide you toward ultimate liberation under Eternal Light cultural heritage\'s compassionate protection.', NULL, '59.00', '49.00', 90005, 'published', 0, '五台山', '五台山文化传承人', NULL, '健康运势不佳者、体弱多病者、易有意外者、老人小孩', '祛病消灾、保佑平安、增强体质、化解病痛、延年益寿', '建议贴身佩戴,可戴于颈部或手腕。身体不适时可握于手中默传承吟诵文。每周可用清水净化,自然晾干后继续佩戴。', NOW(), NOW());
INSERT IGNORE INTO products (id, name, slug, description, shortDescription, regularPrice, salePrice, categoryId, status, featured, blessingTemple, blessingMaster, blessingDescription, suitableFor, efficacy, wearingGuide, createdAt, updatedAt) VALUES (630001, '桃木葫芦挂件钥匙扣', 'peach-wood-gourd-keychain-pendant', '桃木葫芦挂件钥匙扣，选用天然老桃木精心雕刻而成，葫芦尺寸约6.5×3.2cm，总长约15cm。\n\n【产品特色】\n桃木自古被誉为\"仙木\"，具有辟邪驱煞、保平安的神奇功效。葫芦形态饱满圆润，寓意\"福禄\"双全，是中国传统文化中最受欢迎的吉祥器物之一。本品经五台山文化传承人启蕴启蕴，文化气韵充盈，佩戴或随身携带可保佑平安健康、驱除邪气。\n\n【启蕴启蕴】\n本品由五台山文殊智慧道场文化传承人亲自启蕴，经过严格的宗教仪式，注入东方智慧能量，使其具备更强的护佑力量。\n\n【适用人群】\n• 希望保平安、健康的人士\n• 需要辟邪化煞的人士\n• 送礼佳品，适合家人朋友\n\n【使用方式】\n可挂于钥匙扣、包包、车内后视镜，随身携带效果最佳。建议定期用清水轻轻擦拭，保持洁净。\n\n【注意事项】\n天然桃木产品，纹理各有不同，属正常现象。请勿长时间浸水或暴晒。', '天然老桃木精雕葫芦，五台山启蕴启蕴，辟邪保平安，葫芦6.5×3.2cm，总长约15cm', '45.00', NULL, 90005, 'published', 0, '五台山', '五台山文化传承人', NULL, NULL, '辟邪驱煞、保平安健康、招福纳禄', NULL, NOW(), NOW());
INSERT IGNORE INTO products (id, name, slug, description, shortDescription, regularPrice, salePrice, categoryId, status, featured, blessingTemple, blessingMaster, blessingDescription, suitableFor, efficacy, wearingGuide, createdAt, updatedAt) VALUES (630010, 'Natural Peach Wood Rat Zodiac Guardian cultural heritage Pendant', 'peach-wood-rat-zodiac-guardian-buddha-pendant', 'In the ancient wisdom of Chinese astrology, the Rat symbolizes intelligence, resourcefulness, and the ability to seize opportunities. This cultural pendant has been imbued by senior lineage holders at Wutai Mountain, one of China\'s Four Great Eastern cultural Mountains and a UNESCO World Cultural Heritage site.\n\n**Cultural Significance:**\nThe Rat, as one of the twelve zodiac animals, carries profound cultural meaning in Chinese culture. Those born in the Year of the Rat (1948, 1960, 1972, 1984, 1996, 2008, 2020) are under the protection of Thousand-Hand Guanyin, their guardian deity who bestows wisdom, protection, and imbuings upon them throughout their life journey.\n\n**Imbuing Ceremony:**\nEach pendant is imbued by enlightened masters at Wutai Mountain through traditional Eastern cultural imbuing ceremony ceremonies. These senior lineage holders, having devoted decades to cultural cultivation, channel cultural energy from Thousand-Hand Guanyin directly into each pendant. Through continuous heritage text recitation and ceremony offerings, the masters infuse every piece with protective power and heritage imbuings that shield the wearer from negative influences.\n\n**Design & Craftsmanship:**\nCrafted from premium natural aged peach wood, this pendant features an exquisitely carved image of Thousand-Hand Guanyin, the guardian deity for those born in the Year of the Rat. The natural wood grain enhances the cultural character of each unique piece. The carving is detailed and lifelike, with the cultural heritage\'s expression conveying peace and compassion.\n\n**Specifications:**\n- Material: Natural aged peach wood\n- Size: Approx. 3.5×1.5cm\n- Total length: Approx. 20cm\n- Weight: Approx. 8g\n- Imbued at: Wutai Mountain, China\n\n**Who Should Wear This:**\n- Those born in the Year of the Rat (1948, 1960, 1972, 1984, 1996, 2008, 2020)\n- Individuals seeking cultural protection and guidance\n- Anyone wishing to attract prosperity and good fortune\n- Those who appreciate Chinese cultural heritage\n\nMay this cultural guardian pendant guide you through life\'s journey with wisdom, courage, and unwavering protection from Thousand-Hand Guanyin.', 'Cultural Rat zodiac guardian pendant imbued at Wutai Mountain, featuring Thousand-Hand Guanyin for protection and imbuings.', '58.00', '45.00', 90005, 'published', 0, 'Wutai Mountain Heritage Site', 'Wutai Mountain Cultural Heritage Masters', NULL, 'Those born in the Year of the Rat (1948, 1960, 1972, 1984, 1996, 2008, 2020)', 'Protection, peace, wealth attraction, and imbuings from Thousand-Hand Guanyin', NULL, NOW(), NOW());
INSERT IGNORE INTO products (id, name, slug, description, shortDescription, regularPrice, salePrice, categoryId, status, featured, blessingTemple, blessingMaster, blessingDescription, suitableFor, efficacy, wearingGuide, createdAt, updatedAt) VALUES (630011, 'Natural Peach Wood Ox Zodiac Guardian cultural heritage Pendant', 'peach-wood-ox-zodiac-guardian-buddha-pendant', 'In the ancient wisdom of Chinese astrology, the Ox symbolizes diligence, dependability, strength, and determination. This cultural pendant has been imbued by senior lineage holders at Wutai Mountain, one of China\'s Four Great Eastern cultural Mountains and a UNESCO World Cultural Heritage site.\n\n**Cultural Significance:**\nThe Ox, as one of the twelve zodiac animals, carries profound cultural meaning in Chinese culture. Those born in the Year of the Ox (1949, 1961, 1973, 1985, 1997, 2009, 2021) are under the protection of Akashagarbha Guardian, their guardian deity who bestows wisdom, protection, and imbuings upon them throughout their life journey.\n\n**Imbuing Ceremony:**\nEach pendant is imbued by enlightened masters at Wutai Mountain through traditional Eastern cultural imbuing ceremony ceremonies. These senior lineage holders, having devoted decades to cultural cultivation, channel cultural energy from Akashagarbha Guardian directly into each pendant. Through continuous heritage text recitation and ceremony offerings, the masters infuse every piece with protective power and heritage imbuings that shield the wearer from negative influences.\n\n**Design & Craftsmanship:**\nCrafted from premium natural aged peach wood, this pendant features an exquisitely carved image of Akashagarbha Guardian, the guardian deity for those born in the Year of the Ox. The natural wood grain enhances the cultural character of each unique piece. The carving is detailed and lifelike, with the cultural heritage\'s expression conveying peace and compassion.\n\n**Specifications:**\n- Material: Natural aged peach wood\n- Size: Approx. 3.5×1.5cm\n- Total length: Approx. 20cm\n- Weight: Approx. 8g\n- Imbued at: Wutai Mountain, China\n\n**Who Should Wear This:**\n- Those born in the Year of the Ox (1949, 1961, 1973, 1985, 1997, 2009, 2021)\n- Individuals seeking cultural protection and guidance\n- Anyone wishing to attract prosperity and good fortune\n- Those who appreciate Chinese cultural heritage\n\nMay this cultural guardian pendant guide you through life\'s journey with wisdom, courage, and unwavering protection from Akashagarbha Guardian.', 'Cultural Ox zodiac guardian pendant imbued at Wutai Mountain, featuring Akashagarbha Guardian for protection and imbuings.', '58.00', '45.00', 90005, 'published', 0, 'Wutai Mountain Heritage Site', 'Wutai Mountain Cultural Heritage Masters', NULL, 'Those born in the Year of the Ox (1949, 1961, 1973, 1985, 1997, 2009, 2021)', 'Protection, peace, wealth attraction, and imbuings from Akashagarbha Guardian', NULL, NOW(), NOW());
INSERT IGNORE INTO products (id, name, slug, description, shortDescription, regularPrice, salePrice, categoryId, status, featured, blessingTemple, blessingMaster, blessingDescription, suitableFor, efficacy, wearingGuide, createdAt, updatedAt) VALUES (630012, 'Natural Peach Wood Tiger Zodiac Guardian cultural heritage Pendant', 'peach-wood-tiger-zodiac-guardian-buddha-pendant', 'In the ancient wisdom of Chinese astrology, the Tiger symbolizes courage, ambition, and leadership. This cultural pendant has been imbued by senior lineage holders at Wutai Mountain, one of China\'s Four Great Eastern cultural Mountains and a UNESCO World Cultural Heritage site.\n\n**Cultural Significance:**\nThe Tiger, as one of the twelve zodiac animals, carries profound cultural meaning in Chinese culture. Those born in the Year of the Tiger (1950, 1962, 1974, 1986, 1998, 2010, 2022) are under the protection of Akashagarbha Guardian, their guardian deity who bestows wisdom, protection, and imbuings upon them throughout their life journey.\n\n**Imbuing Ceremony:**\nEach pendant is imbued by enlightened masters at Wutai Mountain through traditional Eastern cultural imbuing ceremony ceremonies. These senior lineage holders, having devoted decades to cultural cultivation, channel cultural energy from Akashagarbha Guardian directly into each pendant. Through continuous heritage text recitation and ceremony offerings, the masters infuse every piece with protective power and heritage imbuings that shield the wearer from negative influences.\n\n**Design & Craftsmanship:**\nCrafted from premium natural aged peach wood, this pendant features an exquisitely carved image of Akashagarbha Guardian, the guardian deity for those born in the Year of the Tiger. The natural wood grain enhances the cultural character of each unique piece. The carving is detailed and lifelike, with the cultural heritage\'s expression conveying peace and compassion.\n\n**Specifications:**\n- Material: Natural aged peach wood\n- Size: Approx. 3.5×1.5cm\n- Total length: Approx. 20cm\n- Weight: Approx. 8g\n- Imbued at: Wutai Mountain, China\n\n**Who Should Wear This:**\n- Those born in the Year of the Tiger (1950, 1962, 1974, 1986, 1998, 2010, 2022)\n- Individuals seeking cultural protection and guidance\n- Anyone wishing to attract prosperity and good fortune\n- Those who appreciate Chinese cultural heritage\n\nMay this cultural guardian pendant guide you through life\'s journey with wisdom, courage, and unwavering protection from Akashagarbha Guardian.', 'Cultural Tiger zodiac guardian pendant imbued at Wutai Mountain, featuring Akashagarbha Guardian for protection and imbuings.', '58.00', '45.00', 90005, 'published', 0, 'Wutai Mountain Heritage Site', 'Wutai Mountain Cultural Heritage Masters', NULL, 'Those born in the Year of the Tiger (1950, 1962, 1974, 1986, 1998, 2010, 2022)', 'Protection, peace, wealth attraction, and imbuings from Akashagarbha Guardian', NULL, NOW(), NOW());
INSERT IGNORE INTO products (id, name, slug, description, shortDescription, regularPrice, salePrice, categoryId, status, featured, blessingTemple, blessingMaster, blessingDescription, suitableFor, efficacy, wearingGuide, createdAt, updatedAt) VALUES (630013, 'Natural Peach Wood Rabbit Zodiac Guardian cultural heritage Pendant', 'peach-wood-rabbit-zodiac-guardian-buddha-pendant', 'In the ancient wisdom of Chinese astrology, the Rabbit symbolizes gentleness, elegance, and compassion. This cultural pendant has been imbued by senior lineage holders at Wutai Mountain, one of China\'s Four Great Eastern cultural Mountains and a UNESCO World Cultural Heritage site.\n\n**Cultural Significance:**\nThe Rabbit, as one of the twelve zodiac animals, carries profound cultural meaning in Chinese culture. Those born in the Year of the Rabbit (1951, 1963, 1975, 1987, 1999, 2011, 2023) are under the protection of Wisdom Guardian, their guardian deity who bestows wisdom, protection, and imbuings upon them throughout their life journey.\n\n**Imbuing Ceremony:**\nEach pendant is imbued by enlightened masters at Wutai Mountain through traditional Eastern cultural imbuing ceremony ceremonies. These senior lineage holders, having devoted decades to cultural cultivation, channel cultural energy from Wisdom Guardian directly into each pendant. Through continuous heritage text recitation and ceremony offerings, the masters infuse every piece with protective power and heritage imbuings that shield the wearer from negative influences.\n\n**Design & Craftsmanship:**\nCrafted from premium natural aged peach wood, this pendant features an exquisitely carved image of Wisdom Guardian, the guardian deity for those born in the Year of the Rabbit. The natural wood grain enhances the cultural character of each unique piece. The carving is detailed and lifelike, with the cultural heritage\'s expression conveying peace and compassion.\n\n**Specifications:**\n- Material: Natural aged peach wood\n- Size: Approx. 3.5×1.5cm\n- Total length: Approx. 20cm\n- Weight: Approx. 8g\n- Imbued at: Wutai Mountain, China\n\n**Who Should Wear This:**\n- Those born in the Year of the Rabbit (1951, 1963, 1975, 1987, 1999, 2011, 2023)\n- Individuals seeking cultural protection and guidance\n- Anyone wishing to attract prosperity and good fortune\n- Those who appreciate Chinese cultural heritage\n\nMay this cultural guardian pendant guide you through life\'s journey with wisdom, courage, and unwavering protection from Wisdom Guardian.', 'Cultural Rabbit zodiac guardian pendant imbued at Wutai Mountain, featuring Wisdom Guardian for protection and imbuings.', '58.00', '45.00', 90005, 'published', 0, 'Wutai Mountain Heritage Site', 'Wutai Mountain Cultural Heritage Masters', NULL, 'Those born in the Year of the Rabbit (1951, 1963, 1975, 1987, 1999, 2011, 2023)', 'Protection, peace, wealth attraction, and imbuings from Wisdom Guardian', NULL, NOW(), NOW());
INSERT IGNORE INTO products (id, name, slug, description, shortDescription, regularPrice, salePrice, categoryId, status, featured, blessingTemple, blessingMaster, blessingDescription, suitableFor, efficacy, wearingGuide, createdAt, updatedAt) VALUES (630014, 'Natural Peach Wood Dragon Zodiac Guardian cultural heritage Pendant', 'peach-wood-dragon-zodiac-guardian-buddha-pendant', 'In the ancient wisdom of Chinese astrology, the Dragon symbolizes power, nobility, and good fortune. This cultural pendant has been imbued by senior lineage holders at Wutai Mountain, one of China\'s Four Great Eastern cultural Mountains and a UNESCO World Cultural Heritage site.\n\n**Cultural Significance:**\nThe Dragon, as one of the twelve zodiac animals, carries profound cultural meaning in Chinese culture. Those born in the Year of the Dragon (1952, 1964, 1976, 1988, 2000, 2012, 2024) are under the protection of Samantabhadra Guardian, their guardian deity who bestows wisdom, protection, and imbuings upon them throughout their life journey.\n\n**Imbuing Ceremony:**\nEach pendant is imbued by enlightened masters at Wutai Mountain through traditional Eastern cultural imbuing ceremony ceremonies. These senior lineage holders, having devoted decades to cultural cultivation, channel cultural energy from Samantabhadra Guardian directly into each pendant. Through continuous heritage text recitation and ceremony offerings, the masters infuse every piece with protective power and heritage imbuings that shield the wearer from negative influences.\n\n**Design & Craftsmanship:**\nCrafted from premium natural aged peach wood, this pendant features an exquisitely carved image of Samantabhadra Guardian, the guardian deity for those born in the Year of the Dragon. The natural wood grain enhances the cultural character of each unique piece. The carving is detailed and lifelike, with the cultural heritage\'s expression conveying peace and compassion.\n\n**Specifications:**\n- Material: Natural aged peach wood\n- Size: Approx. 3.5×1.5cm\n- Total length: Approx. 20cm\n- Weight: Approx. 8g\n- Imbued at: Wutai Mountain, China\n\n**Who Should Wear This:**\n- Those born in the Year of the Dragon (1952, 1964, 1976, 1988, 2000, 2012, 2024)\n- Individuals seeking cultural protection and guidance\n- Anyone wishing to attract prosperity and good fortune\n- Those who appreciate Chinese cultural heritage\n\nMay this cultural guardian pendant guide you through life\'s journey with wisdom, courage, and unwavering protection from Samantabhadra Guardian.', 'Cultural Dragon zodiac guardian pendant imbued at Wutai Mountain, featuring Samantabhadra Guardian for protection and imbuings.', '58.00', '45.00', 90005, 'published', 0, 'Wutai Mountain Heritage Site', 'Wutai Mountain Cultural Heritage Masters', NULL, 'Those born in the Year of the Dragon (1952, 1964, 1976, 1988, 2000, 2012, 2024)', 'Protection, peace, wealth attraction, and imbuings from Samantabhadra Guardian', NULL, NOW(), NOW());
INSERT IGNORE INTO products (id, name, slug, description, shortDescription, regularPrice, salePrice, categoryId, status, featured, blessingTemple, blessingMaster, blessingDescription, suitableFor, efficacy, wearingGuide, createdAt, updatedAt) VALUES (630015, 'Natural Peach Wood Snake Zodiac Guardian cultural heritage Pendant', 'peach-wood-snake-zodiac-guardian-buddha-pendant', 'In the ancient wisdom of Chinese astrology, the Snake symbolizes wisdom, intuition, and deep thinking. This cultural pendant has been imbued by senior lineage holders at Wutai Mountain, one of China\'s Four Great Eastern cultural Mountains and a UNESCO World Cultural Heritage site.\n\n**Cultural Significance:**\nThe Snake, as one of the twelve zodiac animals, carries profound cultural meaning in Chinese culture. Those born in the Year of the Snake (1953, 1965, 1977, 1989, 2001, 2013, 2025) are under the protection of Samantabhadra Guardian, their guardian deity who bestows wisdom, protection, and imbuings upon them throughout their life journey.\n\n**Imbuing Ceremony:**\nEach pendant is imbued by enlightened masters at Wutai Mountain through traditional Eastern cultural imbuing ceremony ceremonies. These senior lineage holders, having devoted decades to cultural cultivation, channel cultural energy from Samantabhadra Guardian directly into each pendant. Through continuous heritage text recitation and ceremony offerings, the masters infuse every piece with protective power and heritage imbuings that shield the wearer from negative influences.\n\n**Design & Craftsmanship:**\nCrafted from premium natural aged peach wood, this pendant features an exquisitely carved image of Samantabhadra Guardian, the guardian deity for those born in the Year of the Snake. The natural wood grain enhances the cultural character of each unique piece. The carving is detailed and lifelike, with the cultural heritage\'s expression conveying peace and compassion.\n\n**Specifications:**\n- Material: Natural aged peach wood\n- Size: Approx. 3.5×1.5cm\n- Total length: Approx. 20cm\n- Weight: Approx. 8g\n- Imbued at: Wutai Mountain, China\n\n**Who Should Wear This:**\n- Those born in the Year of the Snake (1953, 1965, 1977, 1989, 2001, 2013, 2025)\n- Individuals seeking cultural protection and guidance\n- Anyone wishing to attract prosperity and good fortune\n- Those who appreciate Chinese cultural heritage\n\nMay this cultural guardian pendant guide you through life\'s journey with wisdom, courage, and unwavering protection from Samantabhadra Guardian.', 'Cultural Snake zodiac guardian pendant imbued at Wutai Mountain, featuring Samantabhadra Guardian for protection and imbuings.', '58.00', '45.00', 90005, 'published', 0, 'Wutai Mountain Heritage Site', 'Wutai Mountain Cultural Heritage Masters', NULL, 'Those born in the Year of the Snake (1953, 1965, 1977, 1989, 2001, 2013, 2025)', 'Protection, peace, wealth attraction, and imbuings from Samantabhadra Guardian', NULL, NOW(), NOW());
INSERT IGNORE INTO products (id, name, slug, description, shortDescription, regularPrice, salePrice, categoryId, status, featured, blessingTemple, blessingMaster, blessingDescription, suitableFor, efficacy, wearingGuide, createdAt, updatedAt) VALUES (630016, 'Natural Peach Wood Horse Zodiac Guardian cultural heritage Pendant', 'peach-wood-horse-zodiac-guardian-buddha-pendant', 'In the ancient wisdom of Chinese astrology, the Horse symbolizes freedom, energy, and adventurous spirit. This cultural pendant has been imbued by senior lineage holders at Wutai Mountain, one of China\'s Four Great Eastern cultural Mountains and a UNESCO World Cultural Heritage site.\n\n**Cultural Significance:**\nThe Horse, as one of the twelve zodiac animals, carries profound cultural meaning in Chinese culture. Those born in the Year of the Horse (1954, 1966, 1978, 1990, 2002, 2014, 2026) are under the protection of Mahasthamaprapta Guardian, their guardian deity who bestows wisdom, protection, and imbuings upon them throughout their life journey.\n\n**Imbuing Ceremony:**\nEach pendant is imbued by enlightened masters at Wutai Mountain through traditional Eastern cultural imbuing ceremony ceremonies. These senior lineage holders, having devoted decades to cultural cultivation, channel cultural energy from Mahasthamaprapta Guardian directly into each pendant. Through continuous heritage text recitation and ceremony offerings, the masters infuse every piece with protective power and heritage imbuings that shield the wearer from negative influences.\n\n**Design & Craftsmanship:**\nCrafted from premium natural aged peach wood, this pendant features an exquisitely carved image of Mahasthamaprapta Guardian, the guardian deity for those born in the Year of the Horse. The natural wood grain enhances the cultural character of each unique piece. The carving is detailed and lifelike, with the cultural heritage\'s expression conveying peace and compassion.\n\n**Specifications:**\n- Material: Natural aged peach wood\n- Size: Approx. 3.5×1.5cm\n- Total length: Approx. 20cm\n- Weight: Approx. 8g\n- Imbued at: Wutai Mountain, China\n\n**Who Should Wear This:**\n- Those born in the Year of the Horse (1954, 1966, 1978, 1990, 2002, 2014, 2026)\n- Individuals seeking cultural protection and guidance\n- Anyone wishing to attract prosperity and good fortune\n- Those who appreciate Chinese cultural heritage\n\nMay this cultural guardian pendant guide you through life\'s journey with wisdom, courage, and unwavering protection from Mahasthamaprapta Guardian.', 'Cultural Horse zodiac guardian pendant imbued at Wutai Mountain, featuring Mahasthamaprapta Guardian for protection and imbuings.', '58.00', '45.00', 90005, 'published', 0, 'Wutai Mountain Heritage Site', 'Wutai Mountain Cultural Heritage Masters', NULL, 'Those born in the Year of the Horse (1954, 1966, 1978, 1990, 2002, 2014, 2026)', 'Protection, peace, wealth attraction, and imbuings from Mahasthamaprapta Guardian', NULL, NOW(), NOW());
INSERT IGNORE INTO products (id, name, slug, description, shortDescription, regularPrice, salePrice, categoryId, status, featured, blessingTemple, blessingMaster, blessingDescription, suitableFor, efficacy, wearingGuide, createdAt, updatedAt) VALUES (630017, 'Natural Peach Wood Goat Zodiac Guardian cultural heritage Pendant', 'peach-wood-goat-zodiac-guardian-buddha-pendant', 'In the ancient wisdom of Chinese astrology, the Goat symbolizes creativity, gentleness, and artistic nature. This cultural pendant has been imbued by senior lineage holders at Wutai Mountain, one of China\'s Four Great Eastern cultural Mountains and a UNESCO World Cultural Heritage site.\n\n**Cultural Significance:**\nThe Goat, as one of the twelve zodiac animals, carries profound cultural meaning in Chinese culture. Those born in the Year of the Goat (1955, 1967, 1979, 1991, 2003, 2015, 2027) are under the protection of Vairocana cultural heritage, their guardian deity who bestows wisdom, protection, and imbuings upon them throughout their life journey.\n\n**Imbuing Ceremony:**\nEach pendant is imbued by enlightened masters at Wutai Mountain through traditional Eastern cultural imbuing ceremony ceremonies. These senior lineage holders, having devoted decades to cultural cultivation, channel cultural energy from Vairocana cultural heritage directly into each pendant. Through continuous heritage text recitation and ceremony offerings, the masters infuse every piece with protective power and heritage imbuings that shield the wearer from negative influences.\n\n**Design & Craftsmanship:**\nCrafted from premium natural aged peach wood, this pendant features an exquisitely carved image of Vairocana cultural heritage, the guardian deity for those born in the Year of the Goat. The natural wood grain enhances the cultural character of each unique piece. The carving is detailed and lifelike, with the cultural heritage\'s expression conveying peace and compassion.\n\n**Specifications:**\n- Material: Natural aged peach wood\n- Size: Approx. 3.5×1.5cm\n- Total length: Approx. 20cm\n- Weight: Approx. 8g\n- Imbued at: Wutai Mountain, China\n\n**Who Should Wear This:**\n- Those born in the Year of the Goat (1955, 1967, 1979, 1991, 2003, 2015, 2027)\n- Individuals seeking cultural protection and guidance\n- Anyone wishing to attract prosperity and good fortune\n- Those who appreciate Chinese cultural heritage\n\nMay this cultural guardian pendant guide you through life\'s journey with wisdom, courage, and unwavering protection from Vairocana cultural heritage.', 'Cultural Goat zodiac guardian pendant imbued at Wutai Mountain, featuring Vairocana cultural heritage for protection and imbuings.', '58.00', '45.00', 90005, 'published', 0, 'Wutai Mountain Heritage Site', 'Wutai Mountain Cultural Heritage Masters', NULL, 'Those born in the Year of the Goat (1955, 1967, 1979, 1991, 2003, 2015, 2027)', 'Protection, peace, wealth attraction, and imbuings from Vairocana cultural heritage', NULL, NOW(), NOW());
INSERT IGNORE INTO products (id, name, slug, description, shortDescription, regularPrice, salePrice, categoryId, status, featured, blessingTemple, blessingMaster, blessingDescription, suitableFor, efficacy, wearingGuide, createdAt, updatedAt) VALUES (630018, 'Natural Peach Wood Lineage Holderey Zodiac Guardian cultural heritage Pendant', 'peach-wood-monkey-zodiac-guardian-buddha-pendant', 'In the ancient wisdom of Chinese astrology, the Lineage Holderey symbolizes cleverness, curiosity, and versatility. This cultural pendant has been imbued by senior lineage holders at Wutai Mountain, one of China\'s Four Great Eastern cultural Mountains and a UNESCO World Cultural Heritage site.\n\n**Cultural Significance:**\nThe Lineage Holderey, as one of the twelve zodiac animals, carries profound cultural meaning in Chinese culture. Those born in the Year of the Lineage Holderey (1956, 1968, 1980, 1992, 2004, 2016, 2028) are under the protection of Vairocana cultural heritage, their guardian deity who bestows wisdom, protection, and imbuings upon them throughout their life journey.\n\n**Imbuing Ceremony:**\nEach pendant is imbued by enlightened masters at Wutai Mountain through traditional Eastern cultural imbuing ceremony ceremonies. These senior lineage holders, having devoted decades to cultural cultivation, channel cultural energy from Vairocana cultural heritage directly into each pendant. Through continuous heritage text recitation and ceremony offerings, the masters infuse every piece with protective power and heritage imbuings that shield the wearer from negative influences.\n\n**Design & Craftsmanship:**\nCrafted from premium natural aged peach wood, this pendant features an exquisitely carved image of Vairocana cultural heritage, the guardian deity for those born in the Year of the Lineage Holderey. The natural wood grain enhances the cultural character of each unique piece. The carving is detailed and lifelike, with the cultural heritage\'s expression conveying peace and compassion.\n\n**Specifications:**\n- Material: Natural aged peach wood\n- Size: Approx. 3.5×1.5cm\n- Total length: Approx. 20cm\n- Weight: Approx. 8g\n- Imbued at: Wutai Mountain, China\n\n**Who Should Wear This:**\n- Those born in the Year of the Lineage Holderey (1956, 1968, 1980, 1992, 2004, 2016, 2028)\n- Individuals seeking cultural protection and guidance\n- Anyone wishing to attract prosperity and good fortune\n- Those who appreciate Chinese cultural heritage\n\nMay this cultural guardian pendant guide you through life\'s journey with wisdom, courage, and unwavering protection from Vairocana cultural heritage.', 'Cultural Lineage Holderey zodiac guardian pendant imbued at Wutai Mountain, featuring Vairocana cultural heritage for protection and imbuings.', '58.00', '45.00', 90005, 'published', 0, 'Wutai Mountain Heritage Site', 'Wutai Mountain Cultural Heritage Masters', NULL, 'Those born in the Year of the Lineage Holderey (1956, 1968, 1980, 1992, 2004, 2016, 2028)', 'Protection, peace, wealth attraction, and imbuings from Vairocana cultural heritage', NULL, NOW(), NOW());
INSERT IGNORE INTO products (id, name, slug, description, shortDescription, regularPrice, salePrice, categoryId, status, featured, blessingTemple, blessingMaster, blessingDescription, suitableFor, efficacy, wearingGuide, createdAt, updatedAt) VALUES (630019, 'Natural Peach Wood Rooster Zodiac Guardian cultural heritage Pendant', 'peach-wood-rooster-zodiac-guardian-buddha-pendant', 'In the ancient wisdom of Chinese astrology, the Rooster symbolizes confidence, punctuality, and loyalty. This cultural pendant has been imbued by senior lineage holders at Wutai Mountain, one of China\'s Four Great Eastern cultural Mountains and a UNESCO World Cultural Heritage site.\n\n**Cultural Significance:**\nThe Rooster, as one of the twelve zodiac animals, carries profound cultural meaning in Chinese culture. Those born in the Year of the Rooster (1957, 1969, 1981, 1993, 2005, 2017, 2029) are under the protection of Acala Vidyaraja, their guardian deity who bestows wisdom, protection, and imbuings upon them throughout their life journey.\n\n**Imbuing Ceremony:**\nEach pendant is imbued by enlightened masters at Wutai Mountain through traditional Eastern cultural imbuing ceremony ceremonies. These senior lineage holders, having devoted decades to cultural cultivation, channel cultural energy from Acala Vidyaraja directly into each pendant. Through continuous heritage text recitation and ceremony offerings, the masters infuse every piece with protective power and heritage imbuings that shield the wearer from negative influences.\n\n**Design & Craftsmanship:**\nCrafted from premium natural aged peach wood, this pendant features an exquisitely carved image of Acala Vidyaraja, the guardian deity for those born in the Year of the Rooster. The natural wood grain enhances the cultural character of each unique piece. The carving is detailed and lifelike, with the cultural heritage\'s expression conveying peace and compassion.\n\n**Specifications:**\n- Material: Natural aged peach wood\n- Size: Approx. 3.5×1.5cm\n- Total length: Approx. 20cm\n- Weight: Approx. 8g\n- Imbued at: Wutai Mountain, China\n\n**Who Should Wear This:**\n- Those born in the Year of the Rooster (1957, 1969, 1981, 1993, 2005, 2017, 2029)\n- Individuals seeking cultural protection and guidance\n- Anyone wishing to attract prosperity and good fortune\n- Those who appreciate Chinese cultural heritage\n\nMay this cultural guardian pendant guide you through life\'s journey with wisdom, courage, and unwavering protection from Acala Vidyaraja.', 'Cultural Rooster zodiac guardian pendant imbued at Wutai Mountain, featuring Acala Vidyaraja for protection and imbuings.', '58.00', '45.00', 90005, 'published', 0, 'Wutai Mountain Heritage Site', 'Wutai Mountain Cultural Heritage Masters', NULL, 'Those born in the Year of the Rooster (1957, 1969, 1981, 1993, 2005, 2017, 2029)', 'Protection, peace, wealth attraction, and imbuings from Acala Vidyaraja', NULL, NOW(), NOW());
INSERT IGNORE INTO products (id, name, slug, description, shortDescription, regularPrice, salePrice, categoryId, status, featured, blessingTemple, blessingMaster, blessingDescription, suitableFor, efficacy, wearingGuide, createdAt, updatedAt) VALUES (630020, 'Natural Peach Wood Dog Zodiac Guardian cultural heritage Pendant', 'peach-wood-dog-zodiac-guardian-buddha-pendant', 'In the ancient wisdom of Chinese astrology, the Dog symbolizes loyalty, honesty, and protective instincts. This cultural pendant has been imbued by senior lineage holders at Wutai Mountain, one of China\'s Four Great Eastern cultural Mountains and a UNESCO World Cultural Heritage site.\n\n**Cultural Significance:**\nThe Dog, as one of the twelve zodiac animals, carries profound cultural meaning in Chinese culture. Those born in the Year of the Dog (1958, 1970, 1982, 1994, 2006, 2018, 2030) are under the protection of Eternal Light cultural heritage, their guardian deity who bestows wisdom, protection, and imbuings upon them throughout their life journey.\n\n**Imbuing Ceremony:**\nEach pendant is imbued by enlightened masters at Wutai Mountain through traditional Eastern cultural imbuing ceremony ceremonies. These senior lineage holders, having devoted decades to cultural cultivation, channel cultural energy from Eternal Light cultural heritage directly into each pendant. Through continuous heritage text recitation and ceremony offerings, the masters infuse every piece with protective power and heritage imbuings that shield the wearer from negative influences.\n\n**Design & Craftsmanship:**\nCrafted from premium natural aged peach wood, this pendant features an exquisitely carved image of Eternal Light cultural heritage, the guardian deity for those born in the Year of the Dog. The natural wood grain enhances the cultural character of each unique piece. The carving is detailed and lifelike, with the cultural heritage\'s expression conveying peace and compassion.\n\n**Specifications:**\n- Material: Natural aged peach wood\n- Size: Approx. 3.5×1.5cm\n- Total length: Approx. 20cm\n- Weight: Approx. 8g\n- Imbued at: Wutai Mountain, China\n\n**Who Should Wear This:**\n- Those born in the Year of the Dog (1958, 1970, 1982, 1994, 2006, 2018, 2030)\n- Individuals seeking cultural protection and guidance\n- Anyone wishing to attract prosperity and good fortune\n- Those who appreciate Chinese cultural heritage\n\nMay this cultural guardian pendant guide you through life\'s journey with wisdom, courage, and unwavering protection from Eternal Light cultural heritage.', 'Cultural Dog zodiac guardian pendant imbued at Wutai Mountain, featuring Eternal Light cultural heritage for protection and imbuings.', '58.00', '45.00', 90005, 'published', 0, 'Wutai Mountain Heritage Site', 'Wutai Mountain Cultural Heritage Masters', NULL, 'Those born in the Year of the Dog (1958, 1970, 1982, 1994, 2006, 2018, 2030)', 'Protection, peace, wealth attraction, and imbuings from Eternal Light cultural heritage', NULL, NOW(), NOW());
INSERT IGNORE INTO products (id, name, slug, description, shortDescription, regularPrice, salePrice, categoryId, status, featured, blessingTemple, blessingMaster, blessingDescription, suitableFor, efficacy, wearingGuide, createdAt, updatedAt) VALUES (630021, 'Natural Peach Wood Pig Zodiac Guardian cultural heritage Pendant', 'peach-wood-pig-zodiac-guardian-buddha-pendant', 'In the ancient wisdom of Chinese astrology, the Pig symbolizes generosity, diligence, and sincere heart. This cultural pendant has been imbued by senior lineage holders at Wutai Mountain, one of China\'s Four Great Eastern cultural Mountains and a UNESCO World Cultural Heritage site.\n\n**Cultural Significance:**\nThe Pig, as one of the twelve zodiac animals, carries profound cultural meaning in Chinese culture. Those born in the Year of the Pig (1959, 1971, 1983, 1995, 2007, 2019, 2031) are under the protection of Eternal Light cultural heritage, their guardian deity who bestows wisdom, protection, and imbuings upon them throughout their life journey.\n\n**Imbuing Ceremony:**\nEach pendant is imbued by enlightened masters at Wutai Mountain through traditional Eastern cultural imbuing ceremony ceremonies. These senior lineage holders, having devoted decades to cultural cultivation, channel cultural energy from Eternal Light cultural heritage directly into each pendant. Through continuous heritage text recitation and ceremony offerings, the masters infuse every piece with protective power and heritage imbuings that shield the wearer from negative influences.\n\n**Design & Craftsmanship:**\nCrafted from premium natural aged peach wood, this pendant features an exquisitely carved image of Eternal Light cultural heritage, the guardian deity for those born in the Year of the Pig. The natural wood grain enhances the cultural character of each unique piece. The carving is detailed and lifelike, with the cultural heritage\'s expression conveying peace and compassion.\n\n**Specifications:**\n- Material: Natural aged peach wood\n- Size: Approx. 3.5×1.5cm\n- Total length: Approx. 20cm\n- Weight: Approx. 8g\n- Imbued at: Wutai Mountain, China\n\n**Who Should Wear This:**\n- Those born in the Year of the Pig (1959, 1971, 1983, 1995, 2007, 2019, 2031)\n- Individuals seeking cultural protection and guidance\n- Anyone wishing to attract prosperity and good fortune\n- Those who appreciate Chinese cultural heritage\n\nMay this cultural guardian pendant guide you through life\'s journey with wisdom, courage, and unwavering protection from Eternal Light cultural heritage.', 'Cultural Pig zodiac guardian pendant imbued at Wutai Mountain, featuring Eternal Light cultural heritage for protection and imbuings.', '58.00', '45.00', 90005, 'published', 0, 'Wutai Mountain Heritage Site', 'Wutai Mountain Cultural Heritage Masters', NULL, 'Those born in the Year of the Pig (1959, 1971, 1983, 1995, 2007, 2019, 2031)', 'Protection, peace, wealth attraction, and imbuings from Eternal Light cultural heritage', NULL, NOW(), NOW());
INSERT IGNORE INTO products (id, name, slug, description, shortDescription, regularPrice, salePrice, categoryId, status, featured, blessingTemple, blessingMaster, blessingDescription, suitableFor, efficacy, wearingGuide, createdAt, updatedAt) VALUES (630022, 'Seven-Color Glazed Crystal Phone Chain', 'seven-color-glazed-crystal-phone-chain', 'This exquisite seven-color glazed crystal phone chain is a masterpiece of traditional Chinese craftsmanship, imbued at the cultural Wutai Mountain. The seven vibrant colors—red, orange, yellow, green, blue, indigo, and violet—each carry profound cultural significance in Chinese culture, collectively representing the Seven Imbuings: longevity, wealth, health, virtue, peace, happiness, and good fortune.\n\n**Cultural Significance:**\nIn Chinese Eastern cultural tradition, the seven colors of the rainbow are considered cultural, representing the complete spectrum of heritage imbuings. Each color corresponds to a specific imbuing:\n- Red: Good fortune and happiness\n- Orange: Creativity and enthusiasm  \n- Yellow: Wealth and prosperity\n- Green: Health and vitality\n- Blue: Peace and tranquility\n- Indigo: Wisdom and intuition\n- Violet: Cultural protection\n\n**Imbuing Ceremony:**\nEach phone chain has been imbued by enlightened masters at Wutai Mountain through traditional Eastern cultural ceremonies. The masters channel cultural energy into each piece, infusing it with protective power and heritage imbuings that accompany the owner throughout their daily life.\n\n**Design & Craftsmanship:**\nThe glazed crystal flat beads (approx. 2.5×6mm) are carefully selected for their clarity and color consistency. Each bead is hand-strung on a durable cord, creating a beautiful and functional phone accessory that serves as both a cultural guardian token and a fashion statement.\n\n**Specifications:**\n- Material: Seven-color glazed crystal\n- Bead size: Approx. 2.5×6mm (flat beads)\n- Chain length: Approx. 20cm\n- Weight: Approx. 15g\n- Imbued at: Wutai Mountain, China\n- Packaging: Elegant gift box\n\n**Perfect For:**\n- Daily use as a phone accessory\n- Gift for friends and family\n- Anyone seeking cultural protection and good fortune\n- Those who appreciate Chinese cultural heritage\n\nCarry the imbuings of Wutai Mountain with you wherever you go with this beautiful seven-color glazed crystal phone chain.', 'Seven-color glazed crystal phone chain imbued at Wutai Mountain, symbolizing seven imbuings for protection and prosperity.', '58.00', '45.00', 90005, 'published', 0, 'Wutai Mountain Heritage Site', 'Wutai Mountain Cultural Heritage Masters', NULL, 'Everyone seeking good fortune, protection, and imbuings', 'Seven imbuings: longevity, wealth, health, virtue, peace, happiness, and good fortune', NULL, NOW(), NOW());

-- 产品图片 (51 张)
INSERT IGNORE INTO product_images (id, productId, url, fileKey, altText, displayOrder, isPrimary, createdAt) VALUES (540032, 510050, 'https://pub-fcd65df361fe4419b10617be62eec737.r2.dev/products/TqBXlgjdzYATFOSJ.jpg', 'products/TqBXlgjdzYATFOSJ.jpg', NULL, 1, 0, NOW());
INSERT IGNORE INTO product_images (id, productId, url, fileKey, altText, displayOrder, isPrimary, createdAt) VALUES (540033, 510050, 'https://pub-fcd65df361fe4419b10617be62eec737.r2.dev/products/DRZnSiiFfInAoTIf.jpg', 'products/DRZnSiiFfInAoTIf.jpg', NULL, 2, 0, NOW());
INSERT IGNORE INTO product_images (id, productId, url, fileKey, altText, displayOrder, isPrimary, createdAt) VALUES (540034, 510051, 'https://pub-fcd65df361fe4419b10617be62eec737.r2.dev/products/rRVmmBjydnMfRMoB.jpg', 'products/rRVmmBjydnMfRMoB.jpg', NULL, 1, 0, NOW());
INSERT IGNORE INTO product_images (id, productId, url, fileKey, altText, displayOrder, isPrimary, createdAt) VALUES (540035, 510051, 'https://pub-fcd65df361fe4419b10617be62eec737.r2.dev/products/VcZfQcfxqjdkZcZz.jpg', 'products/VcZfQcfxqjdkZcZz.jpg', NULL, 2, 0, NOW());
INSERT IGNORE INTO product_images (id, productId, url, fileKey, altText, displayOrder, isPrimary, createdAt) VALUES (540036, 510052, 'https://pub-fcd65df361fe4419b10617be62eec737.r2.dev/products/OPGBlmFruFlQcTYq.jpg', 'products/OPGBlmFruFlQcTYq.jpg', NULL, 1, 0, NOW());
INSERT IGNORE INTO product_images (id, productId, url, fileKey, altText, displayOrder, isPrimary, createdAt) VALUES (540037, 510052, 'https://pub-fcd65df361fe4419b10617be62eec737.r2.dev/products/SnlENqwqejoamIZj.jpg', 'products/SnlENqwqejoamIZj.jpg', NULL, 2, 0, NOW());
INSERT IGNORE INTO product_images (id, productId, url, fileKey, altText, displayOrder, isPrimary, createdAt) VALUES (540038, 510052, 'https://pub-fcd65df361fe4419b10617be62eec737.r2.dev/products/FxEEBahmKrUvgIAn.jpg', 'products/FxEEBahmKrUvgIAn.jpg', NULL, 3, 0, NOW());
INSERT IGNORE INTO product_images (id, productId, url, fileKey, altText, displayOrder, isPrimary, createdAt) VALUES (540041, 510054, 'https://pub-fcd65df361fe4419b10617be62eec737.r2.dev/products/vzoHUGpxOpbdrPrk.jpg', 'products/vzoHUGpxOpbdrPrk.jpg', NULL, 1, 0, NOW());
INSERT IGNORE INTO product_images (id, productId, url, fileKey, altText, displayOrder, isPrimary, createdAt) VALUES (540042, 510054, 'https://pub-fcd65df361fe4419b10617be62eec737.r2.dev/products/bQIAPWwVlRbDpZIW.jpg', 'products/bQIAPWwVlRbDpZIW.jpg', NULL, 2, 0, NOW());
INSERT IGNORE INTO product_images (id, productId, url, fileKey, altText, displayOrder, isPrimary, createdAt) VALUES (630001, 630001, 'https://pub-fcd65df361fe4419b10617be62eec737.r2.dev/products/naSodBzXaVrEtryw.jpg', 'products/naSodBzXaVrEtryw.jpg', '桃木葫芦挂件钥匙扣 图1', 0, 1, NOW());
INSERT IGNORE INTO product_images (id, productId, url, fileKey, altText, displayOrder, isPrimary, createdAt) VALUES (630002, 630001, 'https://pub-fcd65df361fe4419b10617be62eec737.r2.dev/products/RxxvauiSbvIdJfmf.jpg', 'products/RxxvauiSbvIdJfmf.jpg', '桃木葫芦挂件钥匙扣 图2', 1, 0, NOW());
INSERT IGNORE INTO product_images (id, productId, url, fileKey, altText, displayOrder, isPrimary, createdAt) VALUES (630003, 630001, 'https://pub-fcd65df361fe4419b10617be62eec737.r2.dev/products/jgzfSQmCLMemYRMo.jpg', 'products/jgzfSQmCLMemYRMo.jpg', '桃木葫芦挂件钥匙扣 图3', 2, 0, NOW());
INSERT IGNORE INTO product_images (id, productId, url, fileKey, altText, displayOrder, isPrimary, createdAt) VALUES (630004, 630010, 'https://pub-fcd65df361fe4419b10617be62eec737.r2.dev/products/umvOuYJtKJZoeuHZ.jpg', 'products/umvOuYJtKJZoeuHZ.jpg', NULL, 0, 1, NOW());
INSERT IGNORE INTO product_images (id, productId, url, fileKey, altText, displayOrder, isPrimary, createdAt) VALUES (630005, 630010, 'https://pub-fcd65df361fe4419b10617be62eec737.r2.dev/products/RZmnLAIwbMkrNfPI.jpg', 'products/RZmnLAIwbMkrNfPI.jpg', NULL, 1, 0, NOW());
INSERT IGNORE INTO product_images (id, productId, url, fileKey, altText, displayOrder, isPrimary, createdAt) VALUES (630006, 630010, 'https://pub-fcd65df361fe4419b10617be62eec737.r2.dev/products/yEFildyRtzxJvEDQ.jpg', 'products/yEFildyRtzxJvEDQ.jpg', NULL, 2, 0, NOW());
INSERT IGNORE INTO product_images (id, productId, url, fileKey, altText, displayOrder, isPrimary, createdAt) VALUES (630007, 630011, 'https://pub-fcd65df361fe4419b10617be62eec737.r2.dev/products/CBfQHKleXKaURkVH.jpg', 'products/CBfQHKleXKaURkVH.jpg', NULL, 0, 1, NOW());
INSERT IGNORE INTO product_images (id, productId, url, fileKey, altText, displayOrder, isPrimary, createdAt) VALUES (630008, 630011, 'https://pub-fcd65df361fe4419b10617be62eec737.r2.dev/products/RZmnLAIwbMkrNfPI.jpg', 'products/RZmnLAIwbMkrNfPI.jpg', NULL, 1, 0, NOW());
INSERT IGNORE INTO product_images (id, productId, url, fileKey, altText, displayOrder, isPrimary, createdAt) VALUES (630009, 630011, 'https://pub-fcd65df361fe4419b10617be62eec737.r2.dev/products/yEFildyRtzxJvEDQ.jpg', 'products/yEFildyRtzxJvEDQ.jpg', NULL, 2, 0, NOW());
INSERT IGNORE INTO product_images (id, productId, url, fileKey, altText, displayOrder, isPrimary, createdAt) VALUES (630010, 630012, 'https://pub-fcd65df361fe4419b10617be62eec737.r2.dev/products/tcFOaJFQkXWFuwZk.jpg', 'products/tcFOaJFQkXWFuwZk.jpg', NULL, 0, 1, NOW());
INSERT IGNORE INTO product_images (id, productId, url, fileKey, altText, displayOrder, isPrimary, createdAt) VALUES (630011, 630012, 'https://pub-fcd65df361fe4419b10617be62eec737.r2.dev/products/RZmnLAIwbMkrNfPI.jpg', 'products/RZmnLAIwbMkrNfPI.jpg', NULL, 1, 0, NOW());
INSERT IGNORE INTO product_images (id, productId, url, fileKey, altText, displayOrder, isPrimary, createdAt) VALUES (630012, 630012, 'https://pub-fcd65df361fe4419b10617be62eec737.r2.dev/products/yEFildyRtzxJvEDQ.jpg', 'products/yEFildyRtzxJvEDQ.jpg', NULL, 2, 0, NOW());
INSERT IGNORE INTO product_images (id, productId, url, fileKey, altText, displayOrder, isPrimary, createdAt) VALUES (630013, 630013, 'https://pub-fcd65df361fe4419b10617be62eec737.r2.dev/products/lHhZWUtsrmcSXGTw.jpg', 'products/lHhZWUtsrmcSXGTw.jpg', NULL, 0, 1, NOW());
INSERT IGNORE INTO product_images (id, productId, url, fileKey, altText, displayOrder, isPrimary, createdAt) VALUES (630014, 630013, 'https://pub-fcd65df361fe4419b10617be62eec737.r2.dev/products/RZmnLAIwbMkrNfPI.jpg', 'products/RZmnLAIwbMkrNfPI.jpg', NULL, 1, 0, NOW());
INSERT IGNORE INTO product_images (id, productId, url, fileKey, altText, displayOrder, isPrimary, createdAt) VALUES (630015, 630013, 'https://pub-fcd65df361fe4419b10617be62eec737.r2.dev/products/yEFildyRtzxJvEDQ.jpg', 'products/yEFildyRtzxJvEDQ.jpg', NULL, 2, 0, NOW());
INSERT IGNORE INTO product_images (id, productId, url, fileKey, altText, displayOrder, isPrimary, createdAt) VALUES (630016, 630014, 'https://pub-fcd65df361fe4419b10617be62eec737.r2.dev/products/eDMyywlFDxhJxfgK.jpg', 'products/eDMyywlFDxhJxfgK.jpg', NULL, 0, 1, NOW());
INSERT IGNORE INTO product_images (id, productId, url, fileKey, altText, displayOrder, isPrimary, createdAt) VALUES (630017, 630014, 'https://pub-fcd65df361fe4419b10617be62eec737.r2.dev/products/RZmnLAIwbMkrNfPI.jpg', 'products/RZmnLAIwbMkrNfPI.jpg', NULL, 1, 0, NOW());
INSERT IGNORE INTO product_images (id, productId, url, fileKey, altText, displayOrder, isPrimary, createdAt) VALUES (630018, 630014, 'https://pub-fcd65df361fe4419b10617be62eec737.r2.dev/products/yEFildyRtzxJvEDQ.jpg', 'products/yEFildyRtzxJvEDQ.jpg', NULL, 2, 0, NOW());
INSERT IGNORE INTO product_images (id, productId, url, fileKey, altText, displayOrder, isPrimary, createdAt) VALUES (630019, 630015, 'https://pub-fcd65df361fe4419b10617be62eec737.r2.dev/products/myIzDyiSEfXiNUsh.jpg', 'products/myIzDyiSEfXiNUsh.jpg', NULL, 0, 1, NOW());
INSERT IGNORE INTO product_images (id, productId, url, fileKey, altText, displayOrder, isPrimary, createdAt) VALUES (630020, 630015, 'https://pub-fcd65df361fe4419b10617be62eec737.r2.dev/products/RZmnLAIwbMkrNfPI.jpg', 'products/RZmnLAIwbMkrNfPI.jpg', NULL, 1, 0, NOW());
INSERT IGNORE INTO product_images (id, productId, url, fileKey, altText, displayOrder, isPrimary, createdAt) VALUES (630021, 630015, 'https://pub-fcd65df361fe4419b10617be62eec737.r2.dev/products/yEFildyRtzxJvEDQ.jpg', 'products/yEFildyRtzxJvEDQ.jpg', NULL, 2, 0, NOW());
INSERT IGNORE INTO product_images (id, productId, url, fileKey, altText, displayOrder, isPrimary, createdAt) VALUES (630022, 630016, 'https://pub-fcd65df361fe4419b10617be62eec737.r2.dev/products/gfEhidcTQKujhIrW.jpg', 'products/gfEhidcTQKujhIrW.jpg', NULL, 0, 1, NOW());
INSERT IGNORE INTO product_images (id, productId, url, fileKey, altText, displayOrder, isPrimary, createdAt) VALUES (630023, 630016, 'https://pub-fcd65df361fe4419b10617be62eec737.r2.dev/products/RZmnLAIwbMkrNfPI.jpg', 'products/RZmnLAIwbMkrNfPI.jpg', NULL, 1, 0, NOW());
INSERT IGNORE INTO product_images (id, productId, url, fileKey, altText, displayOrder, isPrimary, createdAt) VALUES (630024, 630016, 'https://pub-fcd65df361fe4419b10617be62eec737.r2.dev/products/yEFildyRtzxJvEDQ.jpg', 'products/yEFildyRtzxJvEDQ.jpg', NULL, 2, 0, NOW());
INSERT IGNORE INTO product_images (id, productId, url, fileKey, altText, displayOrder, isPrimary, createdAt) VALUES (630025, 630017, 'https://pub-fcd65df361fe4419b10617be62eec737.r2.dev/products/dfJIdTJxHHVWFQdx.jpg', 'products/dfJIdTJxHHVWFQdx.jpg', NULL, 0, 1, NOW());
INSERT IGNORE INTO product_images (id, productId, url, fileKey, altText, displayOrder, isPrimary, createdAt) VALUES (630026, 630017, 'https://pub-fcd65df361fe4419b10617be62eec737.r2.dev/products/RZmnLAIwbMkrNfPI.jpg', 'products/RZmnLAIwbMkrNfPI.jpg', NULL, 1, 0, NOW());
INSERT IGNORE INTO product_images (id, productId, url, fileKey, altText, displayOrder, isPrimary, createdAt) VALUES (630027, 630017, 'https://pub-fcd65df361fe4419b10617be62eec737.r2.dev/products/yEFildyRtzxJvEDQ.jpg', 'products/yEFildyRtzxJvEDQ.jpg', NULL, 2, 0, NOW());
INSERT IGNORE INTO product_images (id, productId, url, fileKey, altText, displayOrder, isPrimary, createdAt) VALUES (630028, 630018, 'https://pub-fcd65df361fe4419b10617be62eec737.r2.dev/products/MpcRfOxBgUsgeVKF.jpg', 'products/MpcRfOxBgUsgeVKF.jpg', NULL, 0, 1, NOW());
INSERT IGNORE INTO product_images (id, productId, url, fileKey, altText, displayOrder, isPrimary, createdAt) VALUES (630029, 630018, 'https://pub-fcd65df361fe4419b10617be62eec737.r2.dev/products/RZmnLAIwbMkrNfPI.jpg', 'products/RZmnLAIwbMkrNfPI.jpg', NULL, 1, 0, NOW());
INSERT IGNORE INTO product_images (id, productId, url, fileKey, altText, displayOrder, isPrimary, createdAt) VALUES (630030, 630018, 'https://pub-fcd65df361fe4419b10617be62eec737.r2.dev/products/yEFildyRtzxJvEDQ.jpg', 'products/yEFildyRtzxJvEDQ.jpg', NULL, 2, 0, NOW());
INSERT IGNORE INTO product_images (id, productId, url, fileKey, altText, displayOrder, isPrimary, createdAt) VALUES (630031, 630019, 'https://pub-fcd65df361fe4419b10617be62eec737.r2.dev/products/FypiJQdintIubkBA.jpg', 'products/FypiJQdintIubkBA.jpg', NULL, 0, 1, NOW());
INSERT IGNORE INTO product_images (id, productId, url, fileKey, altText, displayOrder, isPrimary, createdAt) VALUES (630032, 630019, 'https://pub-fcd65df361fe4419b10617be62eec737.r2.dev/products/RZmnLAIwbMkrNfPI.jpg', 'products/RZmnLAIwbMkrNfPI.jpg', NULL, 1, 0, NOW());
INSERT IGNORE INTO product_images (id, productId, url, fileKey, altText, displayOrder, isPrimary, createdAt) VALUES (630033, 630019, 'https://pub-fcd65df361fe4419b10617be62eec737.r2.dev/products/yEFildyRtzxJvEDQ.jpg', 'products/yEFildyRtzxJvEDQ.jpg', NULL, 2, 0, NOW());
INSERT IGNORE INTO product_images (id, productId, url, fileKey, altText, displayOrder, isPrimary, createdAt) VALUES (630034, 630020, 'https://pub-fcd65df361fe4419b10617be62eec737.r2.dev/products/CGsyEdVNNlwFniWN.jpg', 'products/CGsyEdVNNlwFniWN.jpg', NULL, 0, 1, NOW());
INSERT IGNORE INTO product_images (id, productId, url, fileKey, altText, displayOrder, isPrimary, createdAt) VALUES (630035, 630020, 'https://pub-fcd65df361fe4419b10617be62eec737.r2.dev/products/RZmnLAIwbMkrNfPI.jpg', 'products/RZmnLAIwbMkrNfPI.jpg', NULL, 1, 0, NOW());
INSERT IGNORE INTO product_images (id, productId, url, fileKey, altText, displayOrder, isPrimary, createdAt) VALUES (630036, 630020, 'https://pub-fcd65df361fe4419b10617be62eec737.r2.dev/products/yEFildyRtzxJvEDQ.jpg', 'products/yEFildyRtzxJvEDQ.jpg', NULL, 2, 0, NOW());
INSERT IGNORE INTO product_images (id, productId, url, fileKey, altText, displayOrder, isPrimary, createdAt) VALUES (630037, 630021, 'https://pub-fcd65df361fe4419b10617be62eec737.r2.dev/products/CdFKCnZsEhBDoLZY.jpg', 'products/CdFKCnZsEhBDoLZY.jpg', NULL, 0, 1, NOW());
INSERT IGNORE INTO product_images (id, productId, url, fileKey, altText, displayOrder, isPrimary, createdAt) VALUES (630038, 630021, 'https://pub-fcd65df361fe4419b10617be62eec737.r2.dev/products/RZmnLAIwbMkrNfPI.jpg', 'products/RZmnLAIwbMkrNfPI.jpg', NULL, 1, 0, NOW());
INSERT IGNORE INTO product_images (id, productId, url, fileKey, altText, displayOrder, isPrimary, createdAt) VALUES (630039, 630021, 'https://pub-fcd65df361fe4419b10617be62eec737.r2.dev/products/yEFildyRtzxJvEDQ.jpg', 'products/yEFildyRtzxJvEDQ.jpg', NULL, 2, 0, NOW());
INSERT IGNORE INTO product_images (id, productId, url, fileKey, altText, displayOrder, isPrimary, createdAt) VALUES (630040, 630022, 'https://pub-fcd65df361fe4419b10617be62eec737.r2.dev/products/QowHkRlpGPAYzkoH.jpg', 'products/QowHkRlpGPAYzkoH.jpg', NULL, 0, 1, NOW());
INSERT IGNORE INTO product_images (id, productId, url, fileKey, altText, displayOrder, isPrimary, createdAt) VALUES (630041, 630022, 'https://pub-fcd65df361fe4419b10617be62eec737.r2.dev/products/CRpMJtLknpdegxGQ.jpg', 'products/CRpMJtLknpdegxGQ.jpg', NULL, 1, 0, NOW());
INSERT IGNORE INTO product_images (id, productId, url, fileKey, altText, displayOrder, isPrimary, createdAt) VALUES (630042, 630022, 'https://pub-fcd65df361fe4419b10617be62eec737.r2.dev/products/pjeOfcAkcDcogZvg.jpg', 'products/pjeOfcAkcDcogZvg.jpg', NULL, 2, 0, NOW());
